,Dataset,Accuracy,Model_Name
0,train,0.9416666626930237,model
1,validation,0.8071428537368774,model
2,test,0.8142856955528259,model
